<configuration>
    <property>
        <name>mapreduce.framework.name</name>
        <value>yarn</value>
    </property>
    <property>
        <name>yarn.app.mapreduce.am.env</name>
        <value>HADOOP_MAPRED_HOME=/usr/local/hadoop</value>
    </property>

    <property>
        <name>mapreduce.map.env</name>
        <value>HADOOP_MAPRED_HOME=/usr/local/hadoop</value>
    </property>

    <property>
        <name>mapreduce.reduce.env</name>
        <value>HADOOP_MAPRED_HOME=/usr/local/hadoop</value>
    </property>
    <property> 
        <name>mapreduce.application.classpath</name>
        <value>$HADOOP_MAPRED_HOME/share/hadoop/mapreduce/*,
            $HADOOP_MAPRED_HOME/share/hadoop/mapreduce/lib/*,
            $HADOOP_MAPRED_HOME/share/hadoop/common/*,
            $HADOOP_MAPRED_HOME/share/hadoop/common/lib/*,
            $HADOOP_MAPRED_HOME/share/hadoop/yarn/*,
            $HADOOP_MAPRED_HOME/share/hadoop/yarn/lib/*,
            $HADOOP_MAPRED_HOME/share/hadoop/hdfs/*,
            $HADOOP_MAPRED_HOME/share/hadoop/hdfs/lib/*
        </value>
    </property>
</configuration>